What is the Epigenetic Principle in Erik Erikson's theory of development?,"The principle that personality develops in a predetermined, sequential order, with each stage building upon the successful resolution of previous stages."
"What is the primary psychosocial conflict in Stage 1 (Infancy, 0–18 months)?",Trust vs. Mistrust
Which basic virtue is gained upon successful resolution of the Trust vs. Mistrust crisis?,Hope
"In Stage 1 (Trust vs. Mistrust), what key caregiver behavior fosters a sense of trust in infants?","Consistent, predictable, and sensitive fulfillment of basic physical and emotional needs (such as feeding and comfort)."
What is the potential negative outcome if an infant fails to resolve the Trust vs. Mistrust stage?,"Anxiety, insecurity, and an overwhelming mistrust or suspicion toward the world."
"In Stage 1, how does the maladaptation 'sensory maladjustment' differ from the malignancy 'withdrawal'?","Sensory maladjustment is excessive trust or naïveté, whereas withdrawal is deep mistrust and total emotional detachment."
"What is the primary psychosocial conflict in Stage 2 (Toddlerhood, 18 months–3 years)?",Autonomy vs. Shame and Doubt
Which basic virtue emerges from resolving the Autonomy vs. Shame and Doubt crisis?,Will
What central developmental activities allow toddlers to assert independence in Stage 2?,"Self-care skills such as toilet training, dressing themselves, and making choices about food or toys."
"According to Erikson, how should parents encourage autonomy without inducing shame and doubt?","By providing a supportive, failure-tolerant environment that allows independence while gently protecting against constant failure."
"In Stage 2, what are the maladaptive and malignant extremes?",Impulsiveness (acting without restraint or limits) and Compulsiveness (obsessive need for perfection and control).
"What is the primary psychosocial conflict in Stage 3 (Early Childhood, 3–5 years)?",Initiative vs. Guilt
Which basic virtue is developed through successful resolution of the Initiative vs. Guilt stage?,Purpose
Why is pretend play critical during the Initiative vs. Guilt stage?,"It lets children practice interpersonal skills, initiate new tasks, devise rules, and execute imaginative plans."
What caregiver reaction causes a child to develop excessive guilt during Stage 3?,"Overly controlling or critical behavior that dismisses the child's self-directed play, curiosity, or questions as annoying or wrong."
How does 'ruthlessness' contrast with 'inhibition' in Stage 3?,"Ruthlessness is taking initiative without moral limits or consideration for others, whereas inhibition is hesitation to act due to fear of guilt."
"What is the primary psychosocial conflict in Stage 4 (Middle Childhood, 5–12 years)?",Industry vs. Inferiority
Which basic virtue is acquired when a child resolves the Industry vs. Inferiority conflict?,Competence
Whose influence becomes equal to or greater than parents during Stage 4?,"Teachers, peers, and neighbors."
What leads to a lasting sense of inferiority during the school-age years?,"Persistent negative feedback, lack of encouragement, or repeated failure to master socially valued skills."
"In Stage 4, how is 'narrow virtuosity' defined relative to 'inertia'?","Narrow virtuosity is overinvesting in one narrow skill to earn approval, while inertia is feeling incapable of success and giving up entirely."
"What is the primary psychosocial conflict in Stage 5 (Adolescence, 12–18 years)?",Identity vs. Role Confusion
Which basic virtue develops from resolving the Identity vs. Role Confusion crisis?,Fidelity
What is a 'psychosocial moratorium' in Erikson's view of adolescence?,A temporary psychological time-out between childhood security and adult commitment that allows free experimentation with roles.
"According to Erikson, what two central sub-identities are re-examined during adolescence?",Sexual identity and occupational identity.
What is the primary consequence of failing to explore or resolve Stage 5?,"Role confusion, characterized by aimlessness, an unstable self-concept, insecurity, or rebellion."
"In Stage 5, how does 'fanaticism' differ from 'role confusion'?","Fanaticism is overidentifying with a single dogma or group to the exclusion of all else, whereas role confusion is a total lack of clear identity or commitment."
"What is the primary psychosocial conflict in Stage 6 (Young Adulthood, 18–40 years)?",Intimacy vs. Isolation
Which basic virtue emerges from resolving the Intimacy vs. Isolation conflict?,Love
"According to Erikson, what is a necessary prerequisite for achieving true interpersonal intimacy?",A strong and stable personal identity formed in Stage 5.
How is 'isolation' conceptualized in Stage 6 of Erikson's theory?,"The inability to form deep, reciprocal, vulnerable relationships, resulting in loneliness and emotional detachment regardless of social presence."
"In Stage 6, what is the difference between 'promiscuity' and 'exclusivity'?","Promiscuity is superficial or compulsive closeness without genuine commitment, while exclusivity is complete emotional withdrawal and rejection of closeness."
"What is the primary psychosocial conflict in Stage 7 (Middle Adulthood, 40–65 years)?",Generativity vs. Stagnation
Which basic virtue is attained upon resolving the Generativity vs. Stagnation crisis?,Care
What does 'generativity' mean in middle age?,"A desire to guide, mentor, and contribute to future generations through parenting, career accomplishments, leadership, or community activity."
How does 'stagnation' manifest in Stage 7?,"As self-absorption, feeling unproductive, lack of personal growth, and feeling disconnected from community and society."
"In Stage 7, how does 'overextension' differ from 'rejectivity'?","Overextension is excessive involvement in others' lives to the point of burnout, while rejectivity is cynicism and apathy toward society or family."
"What is the primary psychosocial conflict in Stage 8 (Late Adulthood, 65+ years)?",Ego Integrity vs. Despair
Which basic virtue is gained through successful resolution of Ego Integrity vs. Despair?,Wisdom
How did Erikson define 'ego integrity' during life review in late adulthood?,"Accepting one's life cycle as fulfilling and meaningful, experiencing a sense of wholeness, and accepting death without fear."
What triggers 'despair' in an elderly individual during Stage 8?,"Reflecting on life with bitterness, regret over missed opportunities or poor decisions, and a deep fear of mortality."
"In Stage 8, what is the difference between 'presumption' and 'disdain'?","Presumption is pretending life was lived perfectly without limitations, while disdain is contempt toward life and bitterness toward oneself or others."
What is the focus of Joan Erikson's proposed Ninth Stage of development?,"Confronting extreme old age (80+), where physical decline forces individuals to revisit earlier psychosocial conflicts in reverse under conditions of loss and dependency."
Which two dimensions did James Marcia use to expand Erikson's Stage 5 into four Identity Statuses?,Exploration (Crisis) and Commitment.
"In James Marcia's model, how is 'Identity Achievement' defined?",High exploration + High commitment (the individual has explored options and made self-chosen goals).
"In James Marcia's framework, what characterizes 'Identity Moratorium'?",High exploration + Low commitment (actively exploring identity alternatives but struggling to commit).
"In James Marcia's framework, how is 'Identity Foreclosure' defined?",Low exploration + High commitment (adopting commitments provided by parents or authority figures without personal exploration).
"In James Marcia's framework, what defines 'Identity Diffusion'?","Low exploration + Low commitment (a complete lack of direction, purpose, or interest in exploring roles)."
How does Erikson's view of developmental timeline differ from Sigmund Freud's psychosexual theory?,"Freud believed personality was largely fixed in early childhood, whereas Erikson argued personality develops continuously across the entire lifespan."
How does Erikson's core driver of personality differ from Freud's?,"Freud emphasized biological psychosexual drives (the Id), while Erikson emphasized social interactions, cultural context, and adaptive strength (the Ego)."
What was Carol Gilligan's primary feminist critique of Erikson's developmental sequence?,"She argued that placing Identity (Stage 5) strictly before Intimacy (Stage 6) reflects male development, as women often develop identity and intimacy concurrently."
How does stage progression in Erikson's theory differ from Abraham Maslow's Hierarchy of Needs?,"Erikson's stages are age-tied and chronological, while Maslow's progression is flexible and dependent on fulfilling basic needs first regardless of age."
What tool is commonly used in therapy to assess a client's resolution of Erikson's psychosocial crises?,The Erikson Psychosocial Stage Inventory (EPSI).
How is Erikson's Stage 8 applied in gerontology through 'Reminiscence Therapy'?,"Seniors reflect on and share their life stories to process past experiences, promoting ego integrity and mitigating despair."